follower_id,followee_id,created_at
2,1,13-05-2023 15:14
2,3,13-05-2023 15:14
2,4,13-05-2023 15:14
2,5,13-05-2023 15:14
2,6,13-05-2023 15:14
2,7,13-05-2023 15:14
2,8,13-05-2023 15:14
2,9,13-05-2023 15:14
2,10,13-05-2023 15:14
2,11,13-05-2023 15:14
2,12,13-05-2023 15:14
2,13,13-05-2023 15:14
2,14,13-05-2023 15:14
2,15,13-05-2023 15:14
2,16,13-05-2023 15:14
2,17,13-05-2023 15:14
2,18,13-05-2023 15:14
2,19,13-05-2023 15:14
2,20,13-05-2023 15:14
2,21,13-05-2023 15:14
2,22,13-05-2023 15:14
2,23,13-05-2023 15:14
2,24,13-05-2023 15:14
2,25,13-05-2023 15:14
2,26,13-05-2023 15:14
2,27,13-05-2023 15:14
2,28,13-05-2023 15:14
2,29,13-05-2023 15:14
2,30,13-05-2023 15:14
2,31,13-05-2023 15:14
2,32,13-05-2023 15:14
2,33,13-05-2023 15:14
2,34,13-05-2023 15:14
2,35,13-05-2023 15:14
2,36,13-05-2023 15:14
2,37,13-05-2023 15:14
2,38,13-05-2023 15:14
2,39,13-05-2023 15:14
2,40,13-05-2023 15:14
2,41,13-05-2023 15:14
2,42,13-05-2023 15:14
2,43,13-05-2023 15:14
2,44,13-05-2023 15:14
2,45,13-05-2023 15:14
2,46,13-05-2023 15:14
2,47,13-05-2023 15:14
2,48,13-05-2023 15:14
2,49,13-05-2023 15:14
2,50,13-05-2023 15:14
2,51,13-05-2023 15:14
2,52,13-05-2023 15:14
2,53,13-05-2023 15:14
2,54,13-05-2023 15:14
2,55,13-05-2023 15:14
2,56,13-05-2023 15:14
2,57,13-05-2023 15:14
2,58,13-05-2023 15:14
2,59,13-05-2023 15:14
2,60,13-05-2023 15:14
2,61,13-05-2023 15:14
2,62,13-05-2023 15:14
2,63,13-05-2023 15:14
2,64,13-05-2023 15:14
2,65,13-05-2023 15:14
2,66,13-05-2023 15:14
2,67,13-05-2023 15:14
2,68,13-05-2023 15:14
2,69,13-05-2023 15:14
2,70,13-05-2023 15:14
2,71,13-05-2023 15:14
2,72,13-05-2023 15:14
2,73,13-05-2023 15:14
2,74,13-05-2023 15:14
2,75,13-05-2023 15:14
2,76,13-05-2023 15:14
2,77,13-05-2023 15:14
2,78,13-05-2023 15:14
2,79,13-05-2023 15:14
2,80,13-05-2023 15:14
2,81,13-05-2023 15:14
2,82,13-05-2023 15:14
2,83,13-05-2023 15:14
2,84,13-05-2023 15:14
2,85,13-05-2023 15:14
2,86,13-05-2023 15:14
2,87,13-05-2023 15:14
2,88,13-05-2023 15:14
2,89,13-05-2023 15:14
2,90,13-05-2023 15:14
2,91,13-05-2023 15:14
2,92,13-05-2023 15:14
2,93,13-05-2023 15:14
2,94,13-05-2023 15:14
2,95,13-05-2023 15:14
2,96,13-05-2023 15:14
2,97,13-05-2023 15:14
2,98,13-05-2023 15:14
2,99,13-05-2023 15:14
2,100,13-05-2023 15:14
3,1,13-05-2023 15:14
3,2,13-05-2023 15:14
3,4,13-05-2023 15:14
3,5,13-05-2023 15:14
3,6,13-05-2023 15:14
3,7,13-05-2023 15:14
3,8,13-05-2023 15:14
3,9,13-05-2023 15:14
3,10,13-05-2023 15:14
3,11,13-05-2023 15:14
3,12,13-05-2023 15:14
3,13,13-05-2023 15:14
3,14,13-05-2023 15:14
3,15,13-05-2023 15:14
3,16,13-05-2023 15:14
3,17,13-05-2023 15:14
3,18,13-05-2023 15:14
3,19,13-05-2023 15:14
3,20,13-05-2023 15:14
3,21,13-05-2023 15:14
3,22,13-05-2023 15:14
3,23,13-05-2023 15:14
3,24,13-05-2023 15:14
3,25,13-05-2023 15:14
3,26,13-05-2023 15:14
3,27,13-05-2023 15:14
3,28,13-05-2023 15:14
3,29,13-05-2023 15:14
3,30,13-05-2023 15:14
3,31,13-05-2023 15:14
3,32,13-05-2023 15:14
3,33,13-05-2023 15:14
3,34,13-05-2023 15:14
3,35,13-05-2023 15:14
3,36,13-05-2023 15:14
3,37,13-05-2023 15:14
3,38,13-05-2023 15:14
3,39,13-05-2023 15:14
3,40,13-05-2023 15:14
3,41,13-05-2023 15:14
3,42,13-05-2023 15:14
3,43,13-05-2023 15:14
3,44,13-05-2023 15:14
3,45,13-05-2023 15:14
3,46,13-05-2023 15:14
3,47,13-05-2023 15:14
3,48,13-05-2023 15:14
3,49,13-05-2023 15:14
3,50,13-05-2023 15:14
3,51,13-05-2023 15:14
3,52,13-05-2023 15:14
3,53,13-05-2023 15:14
3,54,13-05-2023 15:14
3,55,13-05-2023 15:14
3,56,13-05-2023 15:14
3,57,13-05-2023 15:14
3,58,13-05-2023 15:14
3,59,13-05-2023 15:14
3,60,13-05-2023 15:14
3,61,13-05-2023 15:14
3,62,13-05-2023 15:14
3,63,13-05-2023 15:14
3,64,13-05-2023 15:14
3,65,13-05-2023 15:14
3,66,13-05-2023 15:14
3,67,13-05-2023 15:14
3,68,13-05-2023 15:14
3,69,13-05-2023 15:14
3,70,13-05-2023 15:14
3,71,13-05-2023 15:14
3,72,13-05-2023 15:14
3,73,13-05-2023 15:14
3,74,13-05-2023 15:14
3,75,13-05-2023 15:14
3,76,13-05-2023 15:14
3,77,13-05-2023 15:14
3,78,13-05-2023 15:14
3,79,13-05-2023 15:14
3,80,13-05-2023 15:14
3,81,13-05-2023 15:14
3,82,13-05-2023 15:14
3,83,13-05-2023 15:14
3,84,13-05-2023 15:14
3,85,13-05-2023 15:14
3,86,13-05-2023 15:14
3,87,13-05-2023 15:14
3,88,13-05-2023 15:14
3,89,13-05-2023 15:14
3,90,13-05-2023 15:14
3,91,13-05-2023 15:14
3,92,13-05-2023 15:14
3,93,13-05-2023 15:14
3,94,13-05-2023 15:14
3,95,13-05-2023 15:14
3,96,13-05-2023 15:14
3,97,13-05-2023 15:14
3,98,13-05-2023 15:14
3,99,13-05-2023 15:14
3,100,13-05-2023 15:14
4,1,13-05-2023 15:14
4,2,13-05-2023 15:14
4,3,13-05-2023 15:14
4,5,13-05-2023 15:14
4,6,13-05-2023 15:14
4,7,13-05-2023 15:14
4,8,13-05-2023 15:14
4,9,13-05-2023 15:14
4,10,13-05-2023 15:14
4,11,13-05-2023 15:14
4,12,13-05-2023 15:14
4,13,13-05-2023 15:14
4,14,13-05-2023 15:14
4,15,13-05-2023 15:14
4,16,13-05-2023 15:14
4,17,13-05-2023 15:14
4,18,13-05-2023 15:14
4,19,13-05-2023 15:14
4,20,13-05-2023 15:14
4,21,13-05-2023 15:14
4,22,13-05-2023 15:14
4,23,13-05-2023 15:14
4,24,13-05-2023 15:14
4,25,13-05-2023 15:14
4,26,13-05-2023 15:14
4,27,13-05-2023 15:14
4,28,13-05-2023 15:14
4,29,13-05-2023 15:14
4,30,13-05-2023 15:14
4,31,13-05-2023 15:14
4,32,13-05-2023 15:14
4,33,13-05-2023 15:14
4,34,13-05-2023 15:14
4,35,13-05-2023 15:14
4,36,13-05-2023 15:14
4,37,13-05-2023 15:14
4,38,13-05-2023 15:14
4,39,13-05-2023 15:14
4,40,13-05-2023 15:14
4,41,13-05-2023 15:14
4,42,13-05-2023 15:14
4,43,13-05-2023 15:14
4,44,13-05-2023 15:14
4,45,13-05-2023 15:14
4,46,13-05-2023 15:14
4,47,13-05-2023 15:14
4,48,13-05-2023 15:14
4,49,13-05-2023 15:14
4,50,13-05-2023 15:14
4,51,13-05-2023 15:14
4,52,13-05-2023 15:14
4,53,13-05-2023 15:14
4,54,13-05-2023 15:14
4,55,13-05-2023 15:14
4,56,13-05-2023 15:14
4,57,13-05-2023 15:14
4,58,13-05-2023 15:14
4,59,13-05-2023 15:14
4,60,13-05-2023 15:14
4,61,13-05-2023 15:14
4,62,13-05-2023 15:14
4,63,13-05-2023 15:14
4,64,13-05-2023 15:14
4,65,13-05-2023 15:14
4,66,13-05-2023 15:14
4,67,13-05-2023 15:14
4,68,13-05-2023 15:14
4,69,13-05-2023 15:14
4,70,13-05-2023 15:14
4,71,13-05-2023 15:14
4,72,13-05-2023 15:14
4,73,13-05-2023 15:14
4,74,13-05-2023 15:14
4,75,13-05-2023 15:14
4,76,13-05-2023 15:14
4,77,13-05-2023 15:14
4,78,13-05-2023 15:14
4,79,13-05-2023 15:14
4,80,13-05-2023 15:14
4,81,13-05-2023 15:14
4,82,13-05-2023 15:14
4,83,13-05-2023 15:14
4,84,13-05-2023 15:14
4,85,13-05-2023 15:14
4,86,13-05-2023 15:14
4,87,13-05-2023 15:14
4,88,13-05-2023 15:14
4,89,13-05-2023 15:14
4,90,13-05-2023 15:14
4,91,13-05-2023 15:14
4,92,13-05-2023 15:14
4,93,13-05-2023 15:14
4,94,13-05-2023 15:14
4,95,13-05-2023 15:14
4,96,13-05-2023 15:14
4,97,13-05-2023 15:14
4,98,13-05-2023 15:14
4,99,13-05-2023 15:14
4,100,13-05-2023 15:14
5,1,13-05-2023 15:14
5,2,13-05-2023 15:14
5,3,13-05-2023 15:14
5,4,13-05-2023 15:14
5,6,13-05-2023 15:14
5,7,13-05-2023 15:14
5,8,13-05-2023 15:14
5,9,13-05-2023 15:14
5,10,13-05-2023 15:14
5,11,13-05-2023 15:14
5,12,13-05-2023 15:14
5,13,13-05-2023 15:14
5,14,13-05-2023 15:14
5,15,13-05-2023 15:14
5,16,13-05-2023 15:14
5,17,13-05-2023 15:14
5,18,13-05-2023 15:14
5,19,13-05-2023 15:14
5,20,13-05-2023 15:14
5,21,13-05-2023 15:14
5,22,13-05-2023 15:14
5,23,13-05-2023 15:14
5,24,13-05-2023 15:14
5,25,13-05-2023 15:14
5,26,13-05-2023 15:14
5,27,13-05-2023 15:14
5,28,13-05-2023 15:14
5,29,13-05-2023 15:14
5,30,13-05-2023 15:14
5,31,13-05-2023 15:14
5,32,13-05-2023 15:14
5,33,13-05-2023 15:14
5,34,13-05-2023 15:14
5,35,13-05-2023 15:14
5,36,13-05-2023 15:14
5,37,13-05-2023 15:14
5,38,13-05-2023 15:14
5,39,13-05-2023 15:14
5,40,13-05-2023 15:14
5,41,13-05-2023 15:14
5,42,13-05-2023 15:14
5,43,13-05-2023 15:14
5,44,13-05-2023 15:14
5,45,13-05-2023 15:14
5,46,13-05-2023 15:14
5,47,13-05-2023 15:14
5,48,13-05-2023 15:14
5,49,13-05-2023 15:14
5,50,13-05-2023 15:14
5,51,13-05-2023 15:14
5,52,13-05-2023 15:14
5,53,13-05-2023 15:14
5,54,13-05-2023 15:14
5,55,13-05-2023 15:14
5,56,13-05-2023 15:14
5,57,13-05-2023 15:14
5,58,13-05-2023 15:14
5,59,13-05-2023 15:14
5,60,13-05-2023 15:14
5,61,13-05-2023 15:14
5,62,13-05-2023 15:14
5,63,13-05-2023 15:14
5,64,13-05-2023 15:14
5,65,13-05-2023 15:14
5,66,13-05-2023 15:14
5,67,13-05-2023 15:14
5,68,13-05-2023 15:14
5,69,13-05-2023 15:14
5,70,13-05-2023 15:14
5,71,13-05-2023 15:14
5,72,13-05-2023 15:14
5,73,13-05-2023 15:14
5,74,13-05-2023 15:14
5,75,13-05-2023 15:14
5,76,13-05-2023 15:14
5,77,13-05-2023 15:14
5,78,13-05-2023 15:14
5,79,13-05-2023 15:14
5,80,13-05-2023 15:14
5,81,13-05-2023 15:14
5,82,13-05-2023 15:14
5,83,13-05-2023 15:14
5,84,13-05-2023 15:14
5,85,13-05-2023 15:14
5,86,13-05-2023 15:14
5,87,13-05-2023 15:14
5,88,13-05-2023 15:14
5,89,13-05-2023 15:14
5,90,13-05-2023 15:14
5,91,13-05-2023 15:14
5,92,13-05-2023 15:14
5,93,13-05-2023 15:14
5,94,13-05-2023 15:14
5,95,13-05-2023 15:14
5,96,13-05-2023 15:14
5,97,13-05-2023 15:14
5,98,13-05-2023 15:14
5,99,13-05-2023 15:14
5,100,13-05-2023 15:14
6,1,13-05-2023 15:14
6,2,13-05-2023 15:14
6,3,13-05-2023 15:14
6,4,13-05-2023 15:14
6,5,13-05-2023 15:14
6,7,13-05-2023 15:14
6,8,13-05-2023 15:14
6,9,13-05-2023 15:14
6,10,13-05-2023 15:14
6,11,13-05-2023 15:14
6,12,13-05-2023 15:14
6,13,13-05-2023 15:14
6,14,13-05-2023 15:14
6,15,13-05-2023 15:14
6,16,13-05-2023 15:14
6,17,13-05-2023 15:14
6,18,13-05-2023 15:14
6,19,13-05-2023 15:14
6,20,13-05-2023 15:14
6,21,13-05-2023 15:14
6,22,13-05-2023 15:14
6,23,13-05-2023 15:14
6,24,13-05-2023 15:14
6,25,13-05-2023 15:14
6,26,13-05-2023 15:14
6,27,13-05-2023 15:14
6,28,13-05-2023 15:14
6,29,13-05-2023 15:14
6,30,13-05-2023 15:14
6,31,13-05-2023 15:14
6,32,13-05-2023 15:14
6,33,13-05-2023 15:14
6,34,13-05-2023 15:14
6,35,13-05-2023 15:14
6,36,13-05-2023 15:14
6,37,13-05-2023 15:14
6,38,13-05-2023 15:14
6,39,13-05-2023 15:14
6,40,13-05-2023 15:14
6,41,13-05-2023 15:14
6,42,13-05-2023 15:14
6,43,13-05-2023 15:14
6,44,13-05-2023 15:14
6,45,13-05-2023 15:14
6,46,13-05-2023 15:14
6,47,13-05-2023 15:14
6,48,13-05-2023 15:14
6,49,13-05-2023 15:14
6,50,13-05-2023 15:14
6,51,13-05-2023 15:14
6,52,13-05-2023 15:14
6,53,13-05-2023 15:14
6,54,13-05-2023 15:14
6,55,13-05-2023 15:14
6,56,13-05-2023 15:14
6,57,13-05-2023 15:14
6,58,13-05-2023 15:14
6,59,13-05-2023 15:14
6,60,13-05-2023 15:14
6,61,13-05-2023 15:14
6,62,13-05-2023 15:14
6,63,13-05-2023 15:14
6,64,13-05-2023 15:14
6,65,13-05-2023 15:14
6,66,13-05-2023 15:14
6,67,13-05-2023 15:14
6,68,13-05-2023 15:14
6,69,13-05-2023 15:14
6,70,13-05-2023 15:14
6,71,13-05-2023 15:14
6,72,13-05-2023 15:14
6,73,13-05-2023 15:14
6,74,13-05-2023 15:14
6,75,13-05-2023 15:14
6,76,13-05-2023 15:14
6,77,13-05-2023 15:14
6,78,13-05-2023 15:14
6,79,13-05-2023 15:14
6,80,13-05-2023 15:14
6,81,13-05-2023 15:14
6,82,13-05-2023 15:14
6,83,13-05-2023 15:14
6,84,13-05-2023 15:14
6,85,13-05-2023 15:14
6,86,13-05-2023 15:14
6,87,13-05-2023 15:14
6,88,13-05-2023 15:14
6,89,13-05-2023 15:14
6,90,13-05-2023 15:14
6,91,13-05-2023 15:14
6,92,13-05-2023 15:14
6,93,13-05-2023 15:14
6,94,13-05-2023 15:14
6,95,13-05-2023 15:14
6,96,13-05-2023 15:14
6,97,13-05-2023 15:14
6,98,13-05-2023 15:14
6,99,13-05-2023 15:14
6,100,13-05-2023 15:14
8,1,13-05-2023 15:14
8,2,13-05-2023 15:14
8,3,13-05-2023 15:14
8,4,13-05-2023 15:14
8,5,13-05-2023 15:14
8,6,13-05-2023 15:14
8,7,13-05-2023 15:14
8,9,13-05-2023 15:14
8,10,13-05-2023 15:14
8,11,13-05-2023 15:14
8,12,13-05-2023 15:14
8,13,13-05-2023 15:14
8,14,13-05-2023 15:14
8,15,13-05-2023 15:14
8,16,13-05-2023 15:14
8,17,13-05-2023 15:14
8,18,13-05-2023 15:14
8,19,13-05-2023 15:14
8,20,13-05-2023 15:14
8,21,13-05-2023 15:14
8,22,13-05-2023 15:14
8,23,13-05-2023 15:14
8,24,13-05-2023 15:14
8,25,13-05-2023 15:14
8,26,13-05-2023 15:14
8,27,13-05-2023 15:14
8,28,13-05-2023 15:14
8,29,13-05-2023 15:14
8,30,13-05-2023 15:14
8,31,13-05-2023 15:14
8,32,13-05-2023 15:14
8,33,13-05-2023 15:14
8,34,13-05-2023 15:14
8,35,13-05-2023 15:14
8,36,13-05-2023 15:14
8,37,13-05-2023 15:14
8,38,13-05-2023 15:14
8,39,13-05-2023 15:14
8,40,13-05-2023 15:14
8,41,13-05-2023 15:14
8,42,13-05-2023 15:14
8,43,13-05-2023 15:14
8,44,13-05-2023 15:14
8,45,13-05-2023 15:14
8,46,13-05-2023 15:14
8,47,13-05-2023 15:14
8,48,13-05-2023 15:14
8,49,13-05-2023 15:14
8,50,13-05-2023 15:14
8,51,13-05-2023 15:14
8,52,13-05-2023 15:14
8,53,13-05-2023 15:14
8,54,13-05-2023 15:14
8,55,13-05-2023 15:14
8,56,13-05-2023 15:14
8,57,13-05-2023 15:14
8,58,13-05-2023 15:14
8,59,13-05-2023 15:14
8,60,13-05-2023 15:14
8,61,13-05-2023 15:14
8,62,13-05-2023 15:14
8,63,13-05-2023 15:14
8,64,13-05-2023 15:14
8,65,13-05-2023 15:14
8,66,13-05-2023 15:14
8,67,13-05-2023 15:14
8,68,13-05-2023 15:14
8,69,13-05-2023 15:14
8,70,13-05-2023 15:14
8,71,13-05-2023 15:14
8,72,13-05-2023 15:14
8,73,13-05-2023 15:14
8,74,13-05-2023 15:14
8,75,13-05-2023 15:14
8,76,13-05-2023 15:14
8,77,13-05-2023 15:14
8,78,13-05-2023 15:14
8,79,13-05-2023 15:14
8,80,13-05-2023 15:14
8,81,13-05-2023 15:14
8,82,13-05-2023 15:14
8,83,13-05-2023 15:14
8,84,13-05-2023 15:14
8,85,13-05-2023 15:14
8,86,13-05-2023 15:14
8,87,13-05-2023 15:14
8,88,13-05-2023 15:14
8,89,13-05-2023 15:14
8,90,13-05-2023 15:14
8,91,13-05-2023 15:14
8,92,13-05-2023 15:14
8,93,13-05-2023 15:14
8,94,13-05-2023 15:14
8,95,13-05-2023 15:14
8,96,13-05-2023 15:14
8,97,13-05-2023 15:14
8,98,13-05-2023 15:14
8,99,13-05-2023 15:14
8,100,13-05-2023 15:14
9,1,13-05-2023 15:14
9,2,13-05-2023 15:14
9,3,13-05-2023 15:14
9,4,13-05-2023 15:14
9,5,13-05-2023 15:14
9,6,13-05-2023 15:14
9,7,13-05-2023 15:14
9,8,13-05-2023 15:14
9,10,13-05-2023 15:14
9,11,13-05-2023 15:14
9,12,13-05-2023 15:14
9,13,13-05-2023 15:14
9,14,13-05-2023 15:14
9,15,13-05-2023 15:14
9,16,13-05-2023 15:14
9,17,13-05-2023 15:14
9,18,13-05-2023 15:14
9,19,13-05-2023 15:14
9,20,13-05-2023 15:14
9,21,13-05-2023 15:14
9,22,13-05-2023 15:14
9,23,13-05-2023 15:14
9,24,13-05-2023 15:14
9,25,13-05-2023 15:14
9,26,13-05-2023 15:14
9,27,13-05-2023 15:14
9,28,13-05-2023 15:14
9,29,13-05-2023 15:14
9,30,13-05-2023 15:14
9,31,13-05-2023 15:14
9,32,13-05-2023 15:14
9,33,13-05-2023 15:14
9,34,13-05-2023 15:14
9,35,13-05-2023 15:14
9,36,13-05-2023 15:14
9,37,13-05-2023 15:14
9,38,13-05-2023 15:14
9,39,13-05-2023 15:14
9,40,13-05-2023 15:14
9,41,13-05-2023 15:14
9,42,13-05-2023 15:14
9,43,13-05-2023 15:14
9,44,13-05-2023 15:14
9,45,13-05-2023 15:14
9,46,13-05-2023 15:14
9,47,13-05-2023 15:14
9,48,13-05-2023 15:14
9,49,13-05-2023 15:14
9,50,13-05-2023 15:14
9,51,13-05-2023 15:14
9,52,13-05-2023 15:14
9,53,13-05-2023 15:14
9,54,13-05-2023 15:14
9,55,13-05-2023 15:14
9,56,13-05-2023 15:14
9,57,13-05-2023 15:14
9,58,13-05-2023 15:14
9,59,13-05-2023 15:14
9,60,13-05-2023 15:14
9,61,13-05-2023 15:14
9,62,13-05-2023 15:14
9,63,13-05-2023 15:14
9,64,13-05-2023 15:14
9,65,13-05-2023 15:14
9,66,13-05-2023 15:14
9,67,13-05-2023 15:14
9,68,13-05-2023 15:14
9,69,13-05-2023 15:14
9,70,13-05-2023 15:14
9,71,13-05-2023 15:14
9,72,13-05-2023 15:14
9,73,13-05-2023 15:14
9,74,13-05-2023 15:14
9,75,13-05-2023 15:14
9,76,13-05-2023 15:14
9,77,13-05-2023 15:14
9,78,13-05-2023 15:14
9,79,13-05-2023 15:14
9,80,13-05-2023 15:14
9,81,13-05-2023 15:14
9,82,13-05-2023 15:14
9,83,13-05-2023 15:14
9,84,13-05-2023 15:14
9,85,13-05-2023 15:14
9,86,13-05-2023 15:14
9,87,13-05-2023 15:14
9,88,13-05-2023 15:14
9,89,13-05-2023 15:14
9,90,13-05-2023 15:14
9,91,13-05-2023 15:14
9,92,13-05-2023 15:14
9,93,13-05-2023 15:14
9,94,13-05-2023 15:14
9,95,13-05-2023 15:14
9,96,13-05-2023 15:14
9,97,13-05-2023 15:14
9,98,13-05-2023 15:14
9,99,13-05-2023 15:14
9,100,13-05-2023 15:14
10,1,13-05-2023 15:14
10,2,13-05-2023 15:14
10,3,13-05-2023 15:14
10,4,13-05-2023 15:14
10,5,13-05-2023 15:14
10,6,13-05-2023 15:14
10,7,13-05-2023 15:14
10,8,13-05-2023 15:14
10,9,13-05-2023 15:14
10,11,13-05-2023 15:14
10,12,13-05-2023 15:14
10,13,13-05-2023 15:14
10,14,13-05-2023 15:14
10,15,13-05-2023 15:14
10,16,13-05-2023 15:14
10,17,13-05-2023 15:14
10,18,13-05-2023 15:14
10,19,13-05-2023 15:14
10,20,13-05-2023 15:14
10,21,13-05-2023 15:14
10,22,13-05-2023 15:14
10,23,13-05-2023 15:14
10,24,13-05-2023 15:14
10,25,13-05-2023 15:14
10,26,13-05-2023 15:14
10,27,13-05-2023 15:14
10,28,13-05-2023 15:14
10,29,13-05-2023 15:14
10,30,13-05-2023 15:14
10,31,13-05-2023 15:14
10,32,13-05-2023 15:14
10,33,13-05-2023 15:14
10,34,13-05-2023 15:14
10,35,13-05-2023 15:14
10,36,13-05-2023 15:14
10,37,13-05-2023 15:14
10,38,13-05-2023 15:14
10,39,13-05-2023 15:14
10,40,13-05-2023 15:14
10,41,13-05-2023 15:14
10,42,13-05-2023 15:14
10,43,13-05-2023 15:14
10,44,13-05-2023 15:14
10,45,13-05-2023 15:14
10,46,13-05-2023 15:14
10,47,13-05-2023 15:14
10,48,13-05-2023 15:14
10,49,13-05-2023 15:14
10,50,13-05-2023 15:14
10,51,13-05-2023 15:14
10,52,13-05-2023 15:14
10,53,13-05-2023 15:14
10,54,13-05-2023 15:14
10,55,13-05-2023 15:14
10,56,13-05-2023 15:14
10,57,13-05-2023 15:14
10,58,13-05-2023 15:14
10,59,13-05-2023 15:14
10,60,13-05-2023 15:14
10,61,13-05-2023 15:14
10,62,13-05-2023 15:14
10,63,13-05-2023 15:14
10,64,13-05-2023 15:14
10,65,13-05-2023 15:14
10,66,13-05-2023 15:14
10,67,13-05-2023 15:14
10,68,13-05-2023 15:14
10,69,13-05-2023 15:14
10,70,13-05-2023 15:14
10,71,13-05-2023 15:14
10,72,13-05-2023 15:14
10,73,13-05-2023 15:14
10,74,13-05-2023 15:14
10,75,13-05-2023 15:14
10,76,13-05-2023 15:14
10,77,13-05-2023 15:14
10,78,13-05-2023 15:14
10,79,13-05-2023 15:14
10,80,13-05-2023 15:14
10,81,13-05-2023 15:14
10,82,13-05-2023 15:14
10,83,13-05-2023 15:14
10,84,13-05-2023 15:14
10,85,13-05-2023 15:14
10,86,13-05-2023 15:14
10,87,13-05-2023 15:14
10,88,13-05-2023 15:14
10,89,13-05-2023 15:14
10,90,13-05-2023 15:14
10,91,13-05-2023 15:14
10,92,13-05-2023 15:14
10,93,13-05-2023 15:14
10,94,13-05-2023 15:14
10,95,13-05-2023 15:14
10,96,13-05-2023 15:14
10,97,13-05-2023 15:14
10,98,13-05-2023 15:14
10,99,13-05-2023 15:14
10,100,13-05-2023 15:14
11,1,13-05-2023 15:14
11,2,13-05-2023 15:14
11,3,13-05-2023 15:14
11,4,13-05-2023 15:14
11,5,13-05-2023 15:14
11,6,13-05-2023 15:14
11,7,13-05-2023 15:14
11,8,13-05-2023 15:14
11,9,13-05-2023 15:14
11,10,13-05-2023 15:14
11,12,13-05-2023 15:14
11,13,13-05-2023 15:14
11,14,13-05-2023 15:14
11,15,13-05-2023 15:14
11,16,13-05-2023 15:14
11,17,13-05-2023 15:14
11,18,13-05-2023 15:14
11,19,13-05-2023 15:14
11,20,13-05-2023 15:14
11,21,13-05-2023 15:14
11,22,13-05-2023 15:14
11,23,13-05-2023 15:14
11,24,13-05-2023 15:14
11,25,13-05-2023 15:14
11,26,13-05-2023 15:14
11,27,13-05-2023 15:14
11,28,13-05-2023 15:14
11,29,13-05-2023 15:14
11,30,13-05-2023 15:14
11,31,13-05-2023 15:14
11,32,13-05-2023 15:14
11,33,13-05-2023 15:14
11,34,13-05-2023 15:14
11,35,13-05-2023 15:14
11,36,13-05-2023 15:14
11,37,13-05-2023 15:14
11,38,13-05-2023 15:14
11,39,13-05-2023 15:14
11,40,13-05-2023 15:14
11,41,13-05-2023 15:14
11,42,13-05-2023 15:14
11,43,13-05-2023 15:14
11,44,13-05-2023 15:14
11,45,13-05-2023 15:14
11,46,13-05-2023 15:14
11,47,13-05-2023 15:14
11,48,13-05-2023 15:14
11,49,13-05-2023 15:14
11,50,13-05-2023 15:14
11,51,13-05-2023 15:14
11,52,13-05-2023 15:14
11,53,13-05-2023 15:14
11,54,13-05-2023 15:14
11,55,13-05-2023 15:14
11,56,13-05-2023 15:14
11,57,13-05-2023 15:14
11,58,13-05-2023 15:14
11,59,13-05-2023 15:14
11,60,13-05-2023 15:14
11,61,13-05-2023 15:14
11,62,13-05-2023 15:14
11,63,13-05-2023 15:14
11,64,13-05-2023 15:14
11,65,13-05-2023 15:14
11,66,13-05-2023 15:14
11,67,13-05-2023 15:14
11,68,13-05-2023 15:14
11,69,13-05-2023 15:14
11,70,13-05-2023 15:14
11,71,13-05-2023 15:14
11,72,13-05-2023 15:14
11,73,13-05-2023 15:14
11,74,13-05-2023 15:14
11,75,13-05-2023 15:14
11,76,13-05-2023 15:14
11,77,13-05-2023 15:14
11,78,13-05-2023 15:14
11,79,13-05-2023 15:14
11,80,13-05-2023 15:14
11,81,13-05-2023 15:14
11,82,13-05-2023 15:14
11,83,13-05-2023 15:14
11,84,13-05-2023 15:14
11,85,13-05-2023 15:14
11,86,13-05-2023 15:14
11,87,13-05-2023 15:14
11,88,13-05-2023 15:14
11,89,13-05-2023 15:14
11,90,13-05-2023 15:14
11,91,13-05-2023 15:14
11,92,13-05-2023 15:14
11,93,13-05-2023 15:14
11,94,13-05-2023 15:14
11,95,13-05-2023 15:14
11,96,13-05-2023 15:14
11,97,13-05-2023 15:14
11,98,13-05-2023 15:14
11,99,13-05-2023 15:14
11,100,13-05-2023 15:14
12,1,13-05-2023 15:14
12,2,13-05-2023 15:14
12,3,13-05-2023 15:14
12,4,13-05-2023 15:14
12,5,13-05-2023 15:14
12,6,13-05-2023 15:14
12,7,13-05-2023 15:14
12,8,13-05-2023 15:14
12,9,13-05-2023 15:14
12,10,13-05-2023 15:14
12,11,13-05-2023 15:14
12,13,13-05-2023 15:14
12,14,13-05-2023 15:14
12,15,13-05-2023 15:14
12,16,13-05-2023 15:14
12,17,13-05-2023 15:14
12,18,13-05-2023 15:14
12,19,13-05-2023 15:14
12,20,13-05-2023 15:14
12,21,13-05-2023 15:14
12,22,13-05-2023 15:14
12,23,13-05-2023 15:14
12,24,13-05-2023 15:14
12,25,13-05-2023 15:14
12,26,13-05-2023 15:14
12,27,13-05-2023 15:14
12,28,13-05-2023 15:14
12,29,13-05-2023 15:14
12,30,13-05-2023 15:14
12,31,13-05-2023 15:14
12,32,13-05-2023 15:14
12,33,13-05-2023 15:14
12,34,13-05-2023 15:14
12,35,13-05-2023 15:14
12,36,13-05-2023 15:14
12,37,13-05-2023 15:14
12,38,13-05-2023 15:14
12,39,13-05-2023 15:14
12,40,13-05-2023 15:14
12,41,13-05-2023 15:14
12,42,13-05-2023 15:14
12,43,13-05-2023 15:14
12,44,13-05-2023 15:14
12,45,13-05-2023 15:14
12,46,13-05-2023 15:14
12,47,13-05-2023 15:14
12,48,13-05-2023 15:14
12,49,13-05-2023 15:14
12,50,13-05-2023 15:14
12,51,13-05-2023 15:14
12,52,13-05-2023 15:14
12,53,13-05-2023 15:14
12,54,13-05-2023 15:14
12,55,13-05-2023 15:14
12,56,13-05-2023 15:14
12,57,13-05-2023 15:14
12,58,13-05-2023 15:14
12,59,13-05-2023 15:14
12,60,13-05-2023 15:14
12,61,13-05-2023 15:14
12,62,13-05-2023 15:14
12,63,13-05-2023 15:14
12,64,13-05-2023 15:14
12,65,13-05-2023 15:14
12,66,13-05-2023 15:14
12,67,13-05-2023 15:14
12,68,13-05-2023 15:14
12,69,13-05-2023 15:14
12,70,13-05-2023 15:14
12,71,13-05-2023 15:14
12,72,13-05-2023 15:14
12,73,13-05-2023 15:14
12,74,13-05-2023 15:14
12,75,13-05-2023 15:14
12,76,13-05-2023 15:14
12,77,13-05-2023 15:14
12,78,13-05-2023 15:14
12,79,13-05-2023 15:14
12,80,13-05-2023 15:14
12,81,13-05-2023 15:14
12,82,13-05-2023 15:14
12,83,13-05-2023 15:14
12,84,13-05-2023 15:14
12,85,13-05-2023 15:14
12,86,13-05-2023 15:14
12,87,13-05-2023 15:14
12,88,13-05-2023 15:14
12,89,13-05-2023 15:14
12,90,13-05-2023 15:14
12,91,13-05-2023 15:14
12,92,13-05-2023 15:14
12,93,13-05-2023 15:14
12,94,13-05-2023 15:14
12,95,13-05-2023 15:14
12,96,13-05-2023 15:14
12,97,13-05-2023 15:14
12,98,13-05-2023 15:14
12,99,13-05-2023 15:14
12,100,13-05-2023 15:14
13,1,13-05-2023 15:14
13,2,13-05-2023 15:14
13,3,13-05-2023 15:14
13,4,13-05-2023 15:14
13,5,13-05-2023 15:14
13,6,13-05-2023 15:14
13,7,13-05-2023 15:14
13,8,13-05-2023 15:14
13,9,13-05-2023 15:14
13,10,13-05-2023 15:14
