user_id,photo_id,created_at
2,1,"2023-05-13 15:14:58"
2,4,"2023-05-13 15:14:58"
2,8,"2023-05-13 15:14:58"
2,9,"2023-05-13 15:14:58"
2,10,"2023-05-13 15:14:58"
2,11,"2023-05-13 15:14:58"
2,12,"2023-05-13 15:14:58"
2,13,"2023-05-13 15:14:58"
2,15,"2023-05-13 15:14:58"
2,23,"2023-05-13 15:14:58"
2,25,"2023-05-13 15:14:58"
2,27,"2023-05-13 15:14:58"
2,30,"2023-05-13 15:14:58"
2,34,"2023-05-13 15:14:58"
2,36,"2023-05-13 15:14:58"
2,39,"2023-05-13 15:14:58"
2,41,"2023-05-13 15:14:58"
2,43,"2023-05-13 15:14:58"
2,45,"2023-05-13 15:14:58"
2,48,"2023-05-13 15:14:58"
2,49,"2023-05-13 15:14:58"
2,50,"2023-05-13 15:14:58"
2,52,"2023-05-13 15:14:58"
2,53,"2023-05-13 15:14:58"
2,58,"2023-05-13 15:14:58"
2,62,"2023-05-13 15:14:58"
2,65,"2023-05-13 15:14:58"
2,69,"2023-05-13 15:14:58"
2,80,"2023-05-13 15:14:58"
2,84,"2023-05-13 15:14:58"
2,86,"2023-05-13 15:14:58"
2,89,"2023-05-13 15:14:58"
2,90,"2023-05-13 15:14:58"
2,91,"2023-05-13 15:14:58"
2,92,"2023-05-13 15:14:58"
2,99,"2023-05-13 15:14:58"
2,101,"2023-05-13 15:14:58"
2,103,"2023-05-13 15:14:58"
2,105,"2023-05-13 15:14:58"
2,107,"2023-05-13 15:14:58"
2,111,"2023-05-13 15:14:58"
2,112,"2023-05-13 15:14:58"
2,115,"2023-05-13 15:14:58"
2,117,"2023-05-13 15:14:58"
2,118,"2023-05-13 15:14:58"
2,119,"2023-05-13 15:14:58"
2,126,"2023-05-13 15:14:58"
2,127,"2023-05-13 15:14:58"
2,128,"2023-05-13 15:14:58"
2,138,"2023-05-13 15:14:58"
2,140,"2023-05-13 15:14:58"
2,142,"2023-05-13 15:14:58"
2,146,"2023-05-13 15:14:58"
2,154,"2023-05-13 15:14:58"
2,158,"2023-05-13 15:14:58"
2,161,"2023-05-13 15:14:58"
2,162,"2023-05-13 15:14:58"
2,165,"2023-05-13 15:14:58"
2,167,"2023-05-13 15:14:58"
2,170,"2023-05-13 15:14:58"
2,171,"2023-05-13 15:14:58"
2,174,"2023-05-13 15:14:58"
2,176,"2023-05-13 15:14:58"
2,178,"2023-05-13 15:14:58"
2,183,"2023-05-13 15:14:58"
2,186,"2023-05-13 15:14:58"
2,187,"2023-05-13 15:14:58"
2,189,"2023-05-13 15:14:58"
2,191,"2023-05-13 15:14:58"
2,192,"2023-05-13 15:14:58"
2,193,"2023-05-13 15:14:58"
2,195,"2023-05-13 15:14:58"
2,196,"2023-05-13 15:14:58"
2,198,"2023-05-13 15:14:58"
2,199,"2023-05-13 15:14:58"
2,201,"2023-05-13 15:14:58"
2,202,"2023-05-13 15:14:58"
2,205,"2023-05-13 15:14:58"
2,206,"2023-05-13 15:14:58"
2,207,"2023-05-13 15:14:58"
2,209,"2023-05-13 15:14:58"
2,210,"2023-05-13 15:14:58"
2,214,"2023-05-13 15:14:58"
2,220,"2023-05-13 15:14:58"
2,224,"2023-05-13 15:14:58"
2,227,"2023-05-13 15:14:58"
2,230,"2023-05-13 15:14:58"
2,232,"2023-05-13 15:14:58"
2,234,"2023-05-13 15:14:58"
2,236,"2023-05-13 15:14:58"
2,240,"2023-05-13 15:14:58"
2,241,"2023-05-13 15:14:58"
2,246,"2023-05-13 15:14:58"
2,247,"2023-05-13 15:14:58"
3,2,"2023-05-13 15:14:58"
3,7,"2023-05-13 15:14:58"
3,9,"2023-05-13 15:14:58"
3,23,"2023-05-13 15:14:58"
3,26,"2023-05-13 15:14:58"
3,28,"2023-05-13 15:14:58"
3,29,"2023-05-13 15:14:58"
3,30,"2023-05-13 15:14:58"
3,36,"2023-05-13 15:14:58"
3,38,"2023-05-13 15:14:58"
3,41,"2023-05-13 15:14:58"
3,49,"2023-05-13 15:14:58"
3,52,"2023-05-13 15:14:58"
3,54,"2023-05-13 15:14:58"
3,56,"2023-05-13 15:14:58"
3,58,"2023-05-13 15:14:58"
3,61,"2023-05-13 15:14:58"
3,62,"2023-05-13 15:14:58"
3,63,"2023-05-13 15:14:58"
3,65,"2023-05-13 15:14:58"
3,66,"2023-05-13 15:14:58"
3,67,"2023-05-13 15:14:58"
3,69,"2023-05-13 15:14:58"
3,71,"2023-05-13 15:14:58"
3,73,"2023-05-13 15:14:58"
3,75,"2023-05-13 15:14:58"
3,76,"2023-05-13 15:14:58"
3,83,"2023-05-13 15:14:58"
3,92,"2023-05-13 15:14:58"
3,93,"2023-05-13 15:14:58"
3,100,"2023-05-13 15:14:58"
3,101,"2023-05-13 15:14:58"
3,102,"2023-05-13 15:14:58"
3,103,"2023-05-13 15:14:58"
3,104,"2023-05-13 15:14:58"
3,105,"2023-05-13 15:14:58"
3,108,"2023-05-13 15:14:58"
3,109,"2023-05-13 15:14:58"
3,111,"2023-05-13 15:14:58"
3,115,"2023-05-13 15:14:58"
3,118,"2023-05-13 15:14:58"
3,119,"2023-05-13 15:14:58"
3,128,"2023-05-13 15:14:58"
3,132,"2023-05-13 15:14:58"
3,133,"2023-05-13 15:14:58"
3,134,"2023-05-13 15:14:58"
3,135,"2023-05-13 15:14:58"
3,145,"2023-05-13 15:14:58"
3,147,"2023-05-13 15:14:58"
3,150,"2023-05-13 15:14:58"
3,153,"2023-05-13 15:14:58"
3,154,"2023-05-13 15:14:58"
3,158,"2023-05-13 15:14:58"
3,159,"2023-05-13 15:14:58"
3,160,"2023-05-13 15:14:58"
3,162,"2023-05-13 15:14:58"
3,169,"2023-05-13 15:14:58"
3,171,"2023-05-13 15:14:58"
3,172,"2023-05-13 15:14:58"
3,174,"2023-05-13 15:14:58"
3,182,"2023-05-13 15:14:58"
3,186,"2023-05-13 15:14:58"
3,189,"2023-05-13 15:14:58"
3,199,"2023-05-13 15:14:58"
3,205,"2023-05-13 15:14:58"
3,209,"2023-05-13 15:14:58"
3,211,"2023-05-13 15:14:58"
3,212,"2023-05-13 15:14:58"
3,223,"2023-05-13 15:14:58"
3,225,"2023-05-13 15:14:58"
3,233,"2023-05-13 15:14:58"
3,234,"2023-05-13 15:14:58"
3,235,"2023-05-13 15:14:58"
3,238,"2023-05-13 15:14:58"
3,246,"2023-05-13 15:14:58"
3,248,"2023-05-13 15:14:58"
3,253,"2023-05-13 15:14:58"
3,256,"2023-05-13 15:14:58"
3,257,"2023-05-13 15:14:58"
4,3,"2023-05-13 15:14:58"
4,4,"2023-05-13 15:14:58"
4,5,"2023-05-13 15:14:58"
4,6,"2023-05-13 15:14:58"
4,7,"2023-05-13 15:14:58"
4,10,"2023-05-13 15:14:58"
4,17,"2023-05-13 15:14:58"
4,19,"2023-05-13 15:14:58"
4,20,"2023-05-13 15:14:58"
4,22,"2023-05-13 15:14:58"
4,24,"2023-05-13 15:14:58"
4,29,"2023-05-13 15:14:58"
4,31,"2023-05-13 15:14:58"
4,37,"2023-05-13 15:14:58"
4,39,"2023-05-13 15:14:58"
4,42,"2023-05-13 15:14:58"
4,43,"2023-05-13 15:14:58"
4,46,"2023-05-13 15:14:58"
4,47,"2023-05-13 15:14:58"
4,48,"2023-05-13 15:14:58"
4,49,"2023-05-13 15:14:58"
4,55,"2023-05-13 15:14:58"
4,63,"2023-05-13 15:14:58"
4,64,"2023-05-13 15:14:58"
4,65,"2023-05-13 15:14:58"
4,66,"2023-05-13 15:14:58"
4,70,"2023-05-13 15:14:58"
4,71,"2023-05-13 15:14:58"
4,76,"2023-05-13 15:14:58"
4,77,"2023-05-13 15:14:58"
4,82,"2023-05-13 15:14:58"
4,84,"2023-05-13 15:14:58"
4,94,"2023-05-13 15:14:58"
4,95,"2023-05-13 15:14:58"
4,100,"2023-05-13 15:14:58"
4,101,"2023-05-13 15:14:58"
4,102,"2023-05-13 15:14:58"
4,107,"2023-05-13 15:14:58"
4,109,"2023-05-13 15:14:58"
4,110,"2023-05-13 15:14:58"
4,113,"2023-05-13 15:14:58"
4,114,"2023-05-13 15:14:58"
4,115,"2023-05-13 15:14:58"
4,116,"2023-05-13 15:14:58"
4,118,"2023-05-13 15:14:58"
4,119,"2023-05-13 15:14:58"
4,120,"2023-05-13 15:14:58"
4,121,"2023-05-13 15:14:58"
4,124,"2023-05-13 15:14:58"
4,127,"2023-05-13 15:14:58"
4,128,"2023-05-13 15:14:58"
4,129,"2023-05-13 15:14:58"
4,130,"2023-05-13 15:14:58"
4,131,"2023-05-13 15:14:58"
4,138,"2023-05-13 15:14:58"
4,140,"2023-05-13 15:14:58"
4,142,"2023-05-13 15:14:58"
4,145,"2023-05-13 15:14:58"
4,146,"2023-05-13 15:14:58"
4,147,"2023-05-13 15:14:58"
4,150,"2023-05-13 15:14:58"
4,156,"2023-05-13 15:14:58"
4,157,"2023-05-13 15:14:58"
4,158,"2023-05-13 15:14:58"
4,162,"2023-05-13 15:14:58"
4,166,"2023-05-13 15:14:58"
4,172,"2023-05-13 15:14:58"
4,173,"2023-05-13 15:14:58"
4,175,"2023-05-13 15:14:58"
4,180,"2023-05-13 15:14:58"
4,181,"2023-05-13 15:14:58"
4,191,"2023-05-13 15:14:58"
4,197,"2023-05-13 15:14:58"
4,199,"2023-05-13 15:14:58"
4,201,"2023-05-13 15:14:58"
4,204,"2023-05-13 15:14:58"
4,209,"2023-05-13 15:14:58"
4,210,"2023-05-13 15:14:58"
4,211,"2023-05-13 15:14:58"
4,219,"2023-05-13 15:14:58"
4,220,"2023-05-13 15:14:58"
4,221,"2023-05-13 15:14:58"
4,225,"2023-05-13 15:14:58"
4,235,"2023-05-13 15:14:58"
4,236,"2023-05-13 15:14:58"
4,242,"2023-05-13 15:14:58"
4,244,"2023-05-13 15:14:58"
4,248,"2023-05-13 15:14:58"
4,249,"2023-05-13 15:14:58"
4,250,"2023-05-13 15:14:58"
4,252,"2023-05-13 15:14:58"
4,253,"2023-05-13 15:14:58"
4,256,"2023-05-13 15:14:58"
5,1,"2023-05-13 15:14:58"
5,2,"2023-05-13 15:14:58"
5,3,"2023-05-13 15:14:58"
5,4,"2023-05-13 15:14:58"
5,5,"2023-05-13 15:14:58"
5,6,"2023-05-13 15:14:58"
5,7,"2023-05-13 15:14:58"
5,8,"2023-05-13 15:14:58"
5,9,"2023-05-13 15:14:58"
5,10,"2023-05-13 15:14:58"
5,11,"2023-05-13 15:14:58"
5,12,"2023-05-13 15:14:58"
5,13,"2023-05-13 15:14:58"
5,14,"2023-05-13 15:14:58"
5,15,"2023-05-13 15:14:58"
5,16,"2023-05-13 15:14:58"
5,17,"2023-05-13 15:14:58"
5,18,"2023-05-13 15:14:58"
5,19,"2023-05-13 15:14:58"
5,20,"2023-05-13 15:14:58"
5,21,"2023-05-13 15:14:58"
5,22,"2023-05-13 15:14:58"
5,23,"2023-05-13 15:14:58"
5,24,"2023-05-13 15:14:58"
5,25,"2023-05-13 15:14:58"
5,26,"2023-05-13 15:14:58"
5,27,"2023-05-13 15:14:58"
5,28,"2023-05-13 15:14:58"
5,29,"2023-05-13 15:14:58"
5,30,"2023-05-13 15:14:58"
5,31,"2023-05-13 15:14:58"
5,32,"2023-05-13 15:14:58"
5,33,"2023-05-13 15:14:58"
5,34,"2023-05-13 15:14:58"
5,35,"2023-05-13 15:14:58"
5,36,"2023-05-13 15:14:58"
5,37,"2023-05-13 15:14:58"
5,38,"2023-05-13 15:14:58"
5,39,"2023-05-13 15:14:58"
5,40,"2023-05-13 15:14:58"
5,41,"2023-05-13 15:14:58"
5,42,"2023-05-13 15:14:58"
5,43,"2023-05-13 15:14:58"
5,44,"2023-05-13 15:14:58"
5,45,"2023-05-13 15:14:58"
5,46,"2023-05-13 15:14:58"
5,47,"2023-05-13 15:14:58"
5,48,"2023-05-13 15:14:58"
5,49,"2023-05-13 15:14:58"
5,50,"2023-05-13 15:14:58"
5,51,"2023-05-13 15:14:58"
5,52,"2023-05-13 15:14:58"
5,53,"2023-05-13 15:14:58"
5,54,"2023-05-13 15:14:58"
5,55,"2023-05-13 15:14:58"
5,56,"2023-05-13 15:14:58"
5,57,"2023-05-13 15:14:58"
5,58,"2023-05-13 15:14:58"
5,59,"2023-05-13 15:14:58"
5,60,"2023-05-13 15:14:58"
5,61,"2023-05-13 15:14:58"
5,62,"2023-05-13 15:14:58"
5,63,"2023-05-13 15:14:58"
5,64,"2023-05-13 15:14:58"
5,65,"2023-05-13 15:14:58"
5,66,"2023-05-13 15:14:58"
5,67,"2023-05-13 15:14:58"
5,68,"2023-05-13 15:14:58"
5,69,"2023-05-13 15:14:58"
5,70,"2023-05-13 15:14:58"
5,71,"2023-05-13 15:14:58"
5,72,"2023-05-13 15:14:58"
5,73,"2023-05-13 15:14:58"
5,74,"2023-05-13 15:14:58"
5,75,"2023-05-13 15:14:58"
5,76,"2023-05-13 15:14:58"
5,77,"2023-05-13 15:14:58"
5,78,"2023-05-13 15:14:58"
5,79,"2023-05-13 15:14:58"
5,80,"2023-05-13 15:14:58"
5,81,"2023-05-13 15:14:58"
5,82,"2023-05-13 15:14:58"
5,83,"2023-05-13 15:14:58"
5,84,"2023-05-13 15:14:58"
5,85,"2023-05-13 15:14:58"
5,86,"2023-05-13 15:14:58"
5,87,"2023-05-13 15:14:58"
5,88,"2023-05-13 15:14:58"
5,89,"2023-05-13 15:14:58"
5,90,"2023-05-13 15:14:58"
5,91,"2023-05-13 15:14:58"
5,92,"2023-05-13 15:14:58"
5,93,"2023-05-13 15:14:58"
5,94,"2023-05-13 15:14:58"
5,95,"2023-05-13 15:14:58"
5,96,"2023-05-13 15:14:58"
5,97,"2023-05-13 15:14:58"
5,98,"2023-05-13 15:14:58"
5,99,"2023-05-13 15:14:58"
5,100,"2023-05-13 15:14:58"
5,101,"2023-05-13 15:14:58"
5,102,"2023-05-13 15:14:58"
5,103,"2023-05-13 15:14:58"
5,104,"2023-05-13 15:14:58"
5,105,"2023-05-13 15:14:58"
5,106,"2023-05-13 15:14:58"
5,107,"2023-05-13 15:14:58"
5,108,"2023-05-13 15:14:58"
5,109,"2023-05-13 15:14:58"
5,110,"2023-05-13 15:14:58"
5,111,"2023-05-13 15:14:58"
5,112,"2023-05-13 15:14:58"
5,113,"2023-05-13 15:14:58"
5,114,"2023-05-13 15:14:58"
5,115,"2023-05-13 15:14:58"
5,116,"2023-05-13 15:14:58"
5,117,"2023-05-13 15:14:58"
5,118,"2023-05-13 15:14:58"
5,119,"2023-05-13 15:14:58"
5,120,"2023-05-13 15:14:58"
5,121,"2023-05-13 15:14:58"
5,122,"2023-05-13 15:14:58"
5,123,"2023-05-13 15:14:58"
5,124,"2023-05-13 15:14:58"
5,125,"2023-05-13 15:14:58"
5,126,"2023-05-13 15:14:58"
5,127,"2023-05-13 15:14:58"
5,128,"2023-05-13 15:14:58"
5,129,"2023-05-13 15:14:58"
5,130,"2023-05-13 15:14:58"
5,131,"2023-05-13 15:14:58"
5,132,"2023-05-13 15:14:58"
5,133,"2023-05-13 15:14:58"
5,134,"2023-05-13 15:14:58"
5,135,"2023-05-13 15:14:58"
5,136,"2023-05-13 15:14:58"
5,137,"2023-05-13 15:14:58"
5,138,"2023-05-13 15:14:58"
5,139,"2023-05-13 15:14:58"
5,140,"2023-05-13 15:14:58"
5,141,"2023-05-13 15:14:58"
5,142,"2023-05-13 15:14:58"
5,143,"2023-05-13 15:14:58"
5,144,"2023-05-13 15:14:58"
5,145,"2023-05-13 15:14:58"
5,146,"2023-05-13 15:14:58"
5,147,"2023-05-13 15:14:58"
5,148,"2023-05-13 15:14:58"
5,149,"2023-05-13 15:14:58"
5,150,"2023-05-13 15:14:58"
5,151,"2023-05-13 15:14:58"
5,152,"2023-05-13 15:14:58"
5,153,"2023-05-13 15:14:58"
5,154,"2023-05-13 15:14:58"
5,155,"2023-05-13 15:14:58"
5,156,"2023-05-13 15:14:58"
5,157,"2023-05-13 15:14:58"
5,158,"2023-05-13 15:14:58"
5,159,"2023-05-13 15:14:58"
5,160,"2023-05-13 15:14:58"
5,161,"2023-05-13 15:14:58"
5,162,"2023-05-13 15:14:58"
5,163,"2023-05-13 15:14:58"
5,164,"2023-05-13 15:14:58"
5,165,"2023-05-13 15:14:58"
5,166,"2023-05-13 15:14:58"
5,167,"2023-05-13 15:14:58"
5,168,"2023-05-13 15:14:58"
5,169,"2023-05-13 15:14:58"
5,170,"2023-05-13 15:14:58"
5,171,"2023-05-13 15:14:58"
5,172,"2023-05-13 15:14:58"
5,173,"2023-05-13 15:14:58"
5,174,"2023-05-13 15:14:58"
5,175,"2023-05-13 15:14:58"
5,176,"2023-05-13 15:14:58"
5,177,"2023-05-13 15:14:58"
5,178,"2023-05-13 15:14:58"
5,179,"2023-05-13 15:14:58"
5,180,"2023-05-13 15:14:58"
5,181,"2023-05-13 15:14:58"
5,182,"2023-05-13 15:14:58"
5,183,"2023-05-13 15:14:58"
5,184,"2023-05-13 15:14:58"
5,185,"2023-05-13 15:14:58"
5,186,"2023-05-13 15:14:58"
5,187,"2023-05-13 15:14:58"
5,188,"2023-05-13 15:14:58"
5,189,"2023-05-13 15:14:58"
5,190,"2023-05-13 15:14:58"
5,191,"2023-05-13 15:14:58"
5,192,"2023-05-13 15:14:58"
5,193,"2023-05-13 15:14:58"
5,194,"2023-05-13 15:14:58"
5,195,"2023-05-13 15:14:58"
5,196,"2023-05-13 15:14:58"
5,197,"2023-05-13 15:14:58"
5,198,"2023-05-13 15:14:58"
5,199,"2023-05-13 15:14:58"
5,200,"2023-05-13 15:14:58"
5,201,"2023-05-13 15:14:58"
5,202,"2023-05-13 15:14:58"
5,203,"2023-05-13 15:14:58"
5,204,"2023-05-13 15:14:58"
5,205,"2023-05-13 15:14:58"
5,206,"2023-05-13 15:14:58"
5,207,"2023-05-13 15:14:58"
5,208,"2023-05-13 15:14:58"
5,209,"2023-05-13 15:14:58"
5,210,"2023-05-13 15:14:58"
5,211,"2023-05-13 15:14:58"
5,212,"2023-05-13 15:14:58"
5,213,"2023-05-13 15:14:58"
5,214,"2023-05-13 15:14:58"
5,215,"2023-05-13 15:14:58"
5,216,"2023-05-13 15:14:58"
5,217,"2023-05-13 15:14:58"
5,218,"2023-05-13 15:14:58"
5,219,"2023-05-13 15:14:58"
5,220,"2023-05-13 15:14:58"
5,221,"2023-05-13 15:14:58"
5,222,"2023-05-13 15:14:58"
5,223,"2023-05-13 15:14:58"
5,224,"2023-05-13 15:14:58"
5,225,"2023-05-13 15:14:58"
5,226,"2023-05-13 15:14:58"
5,227,"2023-05-13 15:14:58"
5,228,"2023-05-13 15:14:58"
5,229,"2023-05-13 15:14:58"
5,230,"2023-05-13 15:14:58"
5,231,"2023-05-13 15:14:58"
5,232,"2023-05-13 15:14:58"
5,233,"2023-05-13 15:14:58"
5,234,"2023-05-13 15:14:58"
5,235,"2023-05-13 15:14:58"
5,236,"2023-05-13 15:14:58"
5,237,"2023-05-13 15:14:58"
5,238,"2023-05-13 15:14:58"
5,239,"2023-05-13 15:14:58"
5,240,"2023-05-13 15:14:58"
5,241,"2023-05-13 15:14:58"
5,242,"2023-05-13 15:14:58"
5,243,"2023-05-13 15:14:58"
5,244,"2023-05-13 15:14:58"
5,245,"2023-05-13 15:14:58"
5,246,"2023-05-13 15:14:58"
5,247,"2023-05-13 15:14:58"
5,248,"2023-05-13 15:14:58"
5,249,"2023-05-13 15:14:58"
5,250,"2023-05-13 15:14:58"
5,251,"2023-05-13 15:14:58"
5,252,"2023-05-13 15:14:58"
5,253,"2023-05-13 15:14:58"
5,254,"2023-05-13 15:14:58"
5,255,"2023-05-13 15:14:58"
5,256,"2023-05-13 15:14:58"
5,257,"2023-05-13 15:14:58"
6,2,"2023-05-13 15:14:58"
6,5,"2023-05-13 15:14:58"
6,9,"2023-05-13 15:14:58"
6,11,"2023-05-13 15:14:58"
6,13,"2023-05-13 15:14:58"
6,19,"2023-05-13 15:14:58"
6,24,"2023-05-13 15:14:58"
6,28,"2023-05-13 15:14:58"
6,29,"2023-05-13 15:14:58"
6,30,"2023-05-13 15:14:58"
6,36,"2023-05-13 15:14:58"
6,37,"2023-05-13 15:14:58"
6,40,"2023-05-13 15:14:58"
6,41,"2023-05-13 15:14:58"
6,43,"2023-05-13 15:14:58"
6,45,"2023-05-13 15:14:58"
6,47,"2023-05-13 15:14:58"
6,50,"2023-05-13 15:14:58"
6,55,"2023-05-13 15:14:58"
6,56,"2023-05-13 15:14:58"
6,57,"2023-05-13 15:14:58"
6,59,"2023-05-13 15:14:58"
6,61,"2023-05-13 15:14:58"
6,64,"2023-05-13 15:14:58"
6,66,"2023-05-13 15:14:58"
6,68,"2023-05-13 15:14:58"
6,75,"2023-05-13 15:14:58"
6,78,"2023-05-13 15:14:58"
6,80,"2023-05-13 15:14:58"
6,82,"2023-05-13 15:14:58"
6,84,"2023-05-13 15:14:58"
6,87,"2023-05-13 15:14:58"
6,91,"2023-05-13 15:14:58"
6,93,"2023-05-13 15:14:58"
6,96,"2023-05-13 15:14:58"
6,97,"2023-05-13 15:14:58"
6,98,"2023-05-13 15:14:58"
6,99,"2023-05-13 15:14:58"
6,100,"2023-05-13 15:14:58"
6,104,"2023-05-13 15:14:58"
6,107,"2023-05-13 15:14:58"
6,109,"2023-05-13 15:14:58"
6,111,"2023-05-13 15:14:58"
6,117,"2023-05-13 15:14:58"
6,118,"2023-05-13 15:14:58"
6,119,"2023-05-13 15:14:58"
6,120,"2023-05-13 15:14:58"
6,122,"2023-05-13 15:14:58"
6,123,"2023-05-13 15:14:58"
6,126,"2023-05-13 15:14:58"
6,127,"2023-05-13 15:14:58"
6,133,"2023-05-13 15:14:58"
6,142,"2023-05-13 15:14:58"
6,144,"2023-05-13 15:14:58"
6,145,"2023-05-13 15:14:58"
6,149,"2023-05-13 15:14:58"
6,156,"2023-05-13 15:14:58"
6,163,"2023-05-13 15:14:58"
6,172,"2023-05-13 15:14:58"
6,173,"2023-05-13 15:14:58"
6,178,"2023-05-13 15:14:58"
6,181,"2023-05-13 15:14:58"
6,183,"2023-05-13 15:14:58"
6,187,"2023-05-13 15:14:58"
6,197,"2023-05-13 15:14:58"
6,207,"2023-05-13 15:14:58"
6,217,"2023-05-13 15:14:58"
6,220,"2023-05-13 15:14:58"
6,221,"2023-05-13 15:14:58"
6,223,"2023-05-13 15:14:58"
6,230,"2023-05-13 15:14:58"
6,231,"2023-05-13 15:14:58"
6,233,"2023-05-13 15:14:58"
6,237,"2023-05-13 15:14:58"
6,239,"2023-05-13 15:14:58"
6,241,"2023-05-13 15:14:58"
6,244,"2023-05-13 15:14:58"
6,245,"2023-05-13 15:14:58"
6,249,"2023-05-13 15:14:58"
6,252,"2023-05-13 15:14:58"
6,254,"2023-05-13 15:14:58"
6,255,"2023-05-13 15:14:58"
8,2,"2023-05-13 15:14:58"
8,16,"2023-05-13 15:14:58"
8,22,"2023-05-13 15:14:58"
8,26,"2023-05-13 15:14:58"
8,29,"2023-05-13 15:14:58"
8,30,"2023-05-13 15:14:58"
8,32,"2023-05-13 15:14:58"
8,35,"2023-05-13 15:14:58"
8,36,"2023-05-13 15:14:58"
8,38,"2023-05-13 15:14:58"
8,42,"2023-05-13 15:14:58"
8,45,"2023-05-13 15:14:58"
8,50,"2023-05-13 15:14:58"
8,55,"2023-05-13 15:14:58"
8,57,"2023-05-13 15:14:58"
8,59,"2023-05-13 15:14:58"
8,60,"2023-05-13 15:14:58"
8,64,"2023-05-13 15:14:58"
8,66,"2023-05-13 15:14:58"
8,70,"2023-05-13 15:14:58"
8,74,"2023-05-13 15:14:58"
8,75,"2023-05-13 15:14:58"
8,76,"2023-05-13 15:14:58"
8,84,"2023-05-13 15:14:58"
8,89,"2023-05-13 15:14:58"
8,97,"2023-05-13 15:14:58"
8,98,"2023-05-13 15:14:58"
8,100,"2023-05-13 15:14:58"
8,101,"2023-05-13 15:14:58"
8,102,"2023-05-13 15:14:58"
8,103,"2023-05-13 15:14:58"
8,104,"2023-05-13 15:14:58"
8,108,"2023-05-13 15:14:58"
8,110,"2023-05-13 15:14:58"
8,111,"2023-05-13 15:14:58"
8,123,"2023-05-13 15:14:58"
8,124,"2023-05-13 15:14:58"
8,125,"2023-05-13 15:14:58"
8,128,"2023-05-13 15:14:58"
8,129,"2023-05-13 15:14:58"
8,131,"2023-05-13 15:14:58"
8,135,"2023-05-13 15:14:58"
8,138,"2023-05-13 15:14:58"
8,141,"2023-05-13 15:14:58"
8,144,"2023-05-13 15:14:58"
8,147,"2023-05-13 15:14:58"
8,149,"2023-05-13 15:14:58"
8,150,"2023-05-13 15:14:58"
8,154,"2023-05-13 15:14:58"
8,155,"2023-05-13 15:14:58"
8,156,"2023-05-13 15:14:58"
8,157,"2023-05-13 15:14:58"
8,160,"2023-05-13 15:14:58"
8,161,"2023-05-13 15:14:58"
8,163,"2023-05-13 15:14:58"
8,174,"2023-05-13 15:14:58"
8,183,"2023-05-13 15:14:58"
8,185,"2023-05-13 15:14:58"
8,186,"2023-05-13 15:14:58"
8,187,"2023-05-13 15:14:58"
8,189,"2023-05-13 15:14:58"
8,191,"2023-05-13 15:14:58"
8,194,"2023-05-13 15:14:58"
8,197,"2023-05-13 15:14:58"
8,199,"2023-05-13 15:14:58"
8,201,"2023-05-13 15:14:58"
8,202,"2023-05-13 15:14:58"
8,203,"2023-05-13 15:14:58"
8,210,"2023-05-13 15:14:58"
8,219,"2023-05-13 15:14:58"
8,220,"2023-05-13 15:14:58"
8,226,"2023-05-13 15:14:58"
8,227,"2023-05-13 15:14:58"
8,233,"2023-05-13 15:14:58"
8,234,"2023-05-13 15:14:58"
8,242,"2023-05-13 15:14:58"
8,245,"2023-05-13 15:14:58"
8,247,"2023-05-13 15:14:58"
8,249,"2023-05-13 15:14:58"
9,1,"2023-05-13 15:14:58"
9,7,"2023-05-13 15:14:58"
9,10,"2023-05-13 15:14:58"
9,20,"2023-05-13 15:14:58"
9,21,"2023-05-13 15:14:58"
9,23,"2023-05-13 15:14:58"
9,27,"2023-05-13 15:14:58"
9,28,"2023-05-13 15:14:58"
9,30,"2023-05-13 15:14:58"
9,31,"2023-05-13 15:14:58"
9,36,"2023-05-13 15:14:58"
9,40,"2023-05-13 15:14:58"
9,45,"2023-05-13 15:14:58"
9,47,"2023-05-13 15:14:58"
9,48,"2023-05-13 15:14:58"
9,51,"2023-05-13 15:14:58"
9,53,"2023-05-13 15:14:58"
9,54,"2023-05-13 15:14:58"
9,61,"2023-05-13 15:14:58"
9,62,"2023-05-13 15:14:58"
9,63,"2023-05-13 15:14:58"
9,65,"2023-05-13 15:14:58"
9,68,"2023-05-13 15:14:58"
9,73,"2023-05-13 15:14:58"
9,76,"2023-05-13 15:14:58"
9,77,"2023-05-13 15:14:58"
9,78,"2023-05-13 15:14:58"
9,80,"2023-05-13 15:14:58"
9,81,"2023-05-13 15:14:58"
9,82,"2023-05-13 15:14:58"
9,84,"2023-05-13 15:14:58"
9,87,"2023-05-13 15:14:58"
9,89,"2023-05-13 15:14:58"
9,90,"2023-05-13 15:14:58"
9,91,"2023-05-13 15:14:58"
9,96,"2023-05-13 15:14:58"
9,97,"2023-05-13 15:14:58"
9,98,"2023-05-13 15:14:58"
9,100,"2023-05-13 15:14:58"
9,104,"2023-05-13 15:14:58"
9,106,"2023-05-13 15:14:58"
9,110,"2023-05-13 15:14:58"
9,113,"2023-05-13 15:14:58"
9,116,"2023-05-13 15:14:58"
9,120,"2023-05-13 15:14:58"
9,121,"2023-05-13 15:14:58"
9,127,"2023-05-13 15:14:58"
9,129,"2023-05-13 15:14:58"
9,133,"2023-05-13 15:14:58"
9,139,"2023-05-13 15:14:58"
9,143,"2023-05-13 15:14:58"
9,149,"2023-05-13 15:14:58"
9,156,"2023-05-13 15:14:58"
9,158,"2023-05-13 15:14:58"
9,161,"2023-05-13 15:14:58"
9,163,"2023-05-13 15:14:58"
9,167,"2023-05-13 15:14:58"
9,168,"2023-05-13 15:14:58"
9,170,"2023-05-13 15:14:58"
9,177,"2023-05-13 15:14:58"
9,178,"2023-05-13 15:14:58"
9,181,"2023-05-13 15:14:58"
9,185,"2023-05-13 15:14:58"
9,186,"2023-05-13 15:14:58"
9,189,"2023-05-13 15:14:58"
9,190,"2023-05-13 15:14:58"
9,198,"2023-05-13 15:14:58"
9,201,"2023-05-13 15:14:58"
9,202,"2023-05-13 15:14:58"
9,205,"2023-05-13 15:14:58"
9,207,"2023-05-13 15:14:58"
9,213,"2023-05-13 15:14:58"
9,215,"2023-05-13 15:14:58"
9,217,"2023-05-13 15:14:58"
9,218,"2023-05-13 15:14:58"
9,223,"2023-05-13 15:14:58"
9,230,"2023-05-13 15:14:58"
9,235,"2023-05-13 15:14:58"
9,239,"2023-05-13 15:14:58"
9,241,"2023-05-13 15:14:58"
9,244,"2023-05-13 15:14:58"
9,247,"2023-05-13 15:14:58"
9,250,"2023-05-13 15:14:58"
9,252,"2023-05-13 15:14:58"
9,253,"2023-05-13 15:14:58"
10,1,"2023-05-13 15:14:58"
10,4,"2023-05-13 15:14:58"
10,10,"2023-05-13 15:14:58"
10,11,"2023-05-13 15:14:58"
10,15,"2023-05-13 15:14:58"
10,16,"2023-05-13 15:14:58"
10,18,"2023-05-13 15:14:58"
10,19,"2023-05-13 15:14:58"
10,21,"2023-05-13 15:14:58"
10,25,"2023-05-13 15:14:58"
10,27,"2023-05-13 15:14:58"
10,33,"2023-05-13 15:14:58"
10,38,"2023-05-13 15:14:58"
10,40,"2023-05-13 15:14:58"
10,42,"2023-05-13 15:14:58"
10,44,"2023-05-13 15:14:58"
10,55,"2023-05-13 15:14:58"
10,57,"2023-05-13 15:14:58"
10,58,"2023-05-13 15:14:58"
10,59,"2023-05-13 15:14:58"
10,62,"2023-05-13 15:14:58"
10,63,"2023-05-13 15:14:58"
10,71,"2023-05-13 15:14:58"
10,72,"2023-05-13 15:14:58"
10,75,"2023-05-13 15:14:58"
10,77,"2023-05-13 15:14:58"
10,78,"2023-05-13 15:14:58"
10,80,"2023-05-13 15:14:58"
10,81,"2023-05-13 15:14:58"
10,82,"2023-05-13 15:14:58"
10,85,"2023-05-13 15:14:58"
10,88,"2023-05-13 15:14:58"
10,93,"2023-05-13 15:14:58"
10,100,"2023-05-13 15:14:58"
10,102,"2023-05-13 15:14:58"
10,107,"2023-05-13 15:14:58"
10,109,"2023-05-13 15:14:58"
10,110,"2023-05-13 15:14:58"
10,111,"2023-05-13 15:14:58"
10,120,"2023-05-13 15:14:58"
10,122,"2023-05-13 15:14:58"
10,128,"2023-05-13 15:14:58"
10,133,"2023-05-13 15:14:58"
10,134,"2023-05-13 15:14:58"
10,135,"2023-05-13 15:14:58"
10,139,"2023-05-13 15:14:58"
10,143,"2023-05-13 15:14:58"
10,144,"2023-05-13 15:14:58"
10,148,"2023-05-13 15:14:58"
10,150,"2023-05-13 15:14:58"
10,152,"2023-05-13 15:14:58"
10,154,"2023-05-13 15:14:58"
10,158,"2023-05-13 15:14:58"
10,163,"2023-05-13 15:14:58"
10,170,"2023-05-13 15:14:58"
10,173,"2023-05-13 15:14:58"
10,174,"2023-05-13 15:14:58"
10,175,"2023-05-13 15:14:58"
10,180,"2023-05-13 15:14:58"
10,185,"2023-05-13 15:14:58"
10,186,"2023-05-13 15:14:58"
10,191,"2023-05-13 15:14:58"
10,193,"2023-05-13 15:14:58"
10,194,"2023-05-13 15:14:58"
10,201,"2023-05-13 15:14:58"
10,205,"2023-05-13 15:14:58"
10,206,"2023-05-13 15:14:58"
10,207,"2023-05-13 15:14:58"
10,208,"2023-05-13 15:14:58"
10,214,"2023-05-13 15:14:58"
10,215,"2023-05-13 15:14:58"
10,218,"2023-05-13 15:14:58"
10,222,"2023-05-13 15:14:58"
10,225,"2023-05-13 15:14:58"
10,228,"2023-05-13 15:14:58"
10,230,"2023-05-13 15:14:58"
10,235,"2023-05-13 15:14:58"
10,236,"2023-05-13 15:14:58"
10,237,"2023-05-13 15:14:58"
10,241,"2023-05-13 15:14:58"
10,242,"2023-05-13 15:14:58"
10,243,"2023-05-13 15:14:58"
10,244,"2023-05-13 15:14:58"
10,245,"2023-05-13 15:14:58"
10,254,"2023-05-13 15:14:58"
10,255,"2023-05-13 15:14:58"
10,257,"2023-05-13 15:14:58"
11,1,"2023-05-13 15:14:58"
11,4,"2023-05-13 15:14:58"
11,5,"2023-05-13 15:14:58"
11,13,"2023-05-13 15:14:58"
11,14,"2023-05-13 15:14:58"
11,17,"2023-05-13 15:14:58"
11,27,"2023-05-13 15:14:58"
11,32,"2023-05-13 15:14:58"
11,33,"2023-05-13 15:14:58"
11,37,"2023-05-13 15:14:58"
11,38,"2023-05-13 15:14:58"
11,39,"2023-05-13 15:14:58"
11,40,"2023-05-13 15:14:58"
11,42,"2023-05-13 15:14:58"
11,45,"2023-05-13 15:14:58"
11,48,"2023-05-13 15:14:58"
11,49,"2023-05-13 15:14:58"
11,51,"2023-05-13 15:14:58"
11,52,"2023-05-13 15:14:58"
11,54,"2023-05-13 15:14:58"
11,55,"2023-05-13 15:14:58"
11,60,"2023-05-13 15:14:58"
11,62,"2023-05-13 15:14:58"
11,63,"2023-05-13 15:14:58"
11,64,"2023-05-13 15:14:58"
11,67,"2023-05-13 15:14:58"
11,69,"2023-05-13 15:14:58"
11,71,"2023-05-13 15:14:58"
11,72,"2023-05-13 15:14:58"
11,73,"2023-05-13 15:14:58"
11,74,"2023-05-13 15:14:58"
11,75,"2023-05-13 15:14:58"
11,77,"2023-05-13 15:14:58"
11,79,"2023-05-13 15:14:58"
11,83,"2023-05-13 15:14:58"
11,87,"2023-05-13 15:14:58"
11,95,"2023-05-13 15:14:58"
11,100,"2023-05-13 15:14:58"
11,102,"2023-05-13 15:14:58"
11,109,"2023-05-13 15:14:58"
11,110,"2023-05-13 15:14:58"
11,112,"2023-05-13 15:14:58"
11,114,"2023-05-13 15:14:58"
11,116,"2023-05-13 15:14:58"
11,117,"2023-05-13 15:14:58"
11,118,"2023-05-13 15:14:58"
11,119,"2023-05-13 15:14:58"
11,121,"2023-05-13 15:14:58"
11,124,"2023-05-13 15:14:58"
11,126,"2023-05-13 15:14:58"
11,129,"2023-05-13 15:14:58"
11,131,"2023-05-13 15:14:58"
11,133,"2023-05-13 15:14:58"
11,137,"2023-05-13 15:14:58"
11,138,"2023-05-13 15:14:58"
11,141,"2023-05-13 15:14:58"
11,145,"2023-05-13 15:14:58"
11,147,"2023-05-13 15:14:58"
11,148,"2023-05-13 15:14:58"
11,153,"2023-05-13 15:14:58"
11,164,"2023-05-13 15:14:58"
11,165,"2023-05-13 15:14:58"
11,166,"2023-05-13 15:14:58"
11,167,"2023-05-13 15:14:58"
11,170,"2023-05-13 15:14:58"
11,171,"2023-05-13 15:14:58"
11,173,"2023-05-13 15:14:58"
11,174,"2023-05-13 15:14:58"
11,178,"2023-05-13 15:14:58"
11,179,"2023-05-13 15:14:58"
11,181,"2023-05-13 15:14:58"
11,182,"2023-05-13 15:14:58"
11,186,"2023-05-13 15:14:58"
11,188,"2023-05-13 15:14:58"
11,189,"2023-05-13 15:14:58"
11,191,"2023-05-13 15:14:58"
11,198,"2023-05-13 15:14:58"
11,201,"2023-05-13 15:14:58"
11,204,"2023-05-13 15:14:58"
11,205,"2023-05-13 15:14:58"
11,209,"2023-05-13 15:14:58"
11,219,"2023-05-13 15:14:58"
11,244,"2023-05-13 15:14:58"
11,248,"2023-05-13 15:14:58"
11,250,"2023-05-13 15:14:58"
11,251,"2023-05-13 15:14:58"
11,253,"2023-05-13 15:14:58"
11,254,"2023-05-13 15:14:58"
11,255,"2023-05-13 15:14:58"
12,3,"2023-05-13 15:14:58"
12,4,"2023-05-13 15:14:58"
12,7,"2023-05-13 15:14:58"
12,12,"2023-05-13 15:14:58"
12,18,"2023-05-13 15:14:58"
12,20,"2023-05-13 15:14:58"
12,23,"2023-05-13 15:14:58"
12,28,"2023-05-13 15:14:58"
12,29,"2023-05-13 15:14:58"
12,33,"2023-05-13 15:14:58"
12,37,"2023-05-13 15:14:58"
12,41,"2023-05-13 15:14:58"
12,43,"2023-05-13 15:14:58"
12,45,"2023-05-13 15:14:58"
12,46,"2023-05-13 15:14:58"
12,48,"2023-05-13 15:14:58"
12,49,"2023-05-13 15:14:58"
12,50,"2023-05-13 15:14:58"
12,54,"2023-05-13 15:14:58"
12,59,"2023-05-13 15:14:58"
12,61,"2023-05-13 15:14:58"
12,65,"2023-05-13 15:14:58"
12,70,"2023-05-13 15:14:58"
12,72,"2023-05-13 15:14:58"
12,74,"2023-05-13 15:14:58"
12,82,"2023-05-13 15:14:58"
12,83,"2023-05-13 15:14:58"
12,86,"2023-05-13 15:14:58"
12,92,"2023-05-13 15:14:58"
12,95,"2023-05-13 15:14:58"
12,109,"2023-05-13 15:14:58"
12,114,"2023-05-13 15:14:58"
12,115,"2023-05-13 15:14:58"
12,116,"2023-05-13 15:14:58"
12,119,"2023-05-13 15:14:58"
12,122,"2023-05-13 15:14:58"
12,123,"2023-05-13 15:14:58"
12,140,"2023-05-13 15:14:58"
12,141,"2023-05-13 15:14:58"
12,143,"2023-05-13 15:14:58"
12,147,"2023-05-13 15:14:58"
12,150,"2023-05-13 15:14:58"
12,152,"2023-05-13 15:14:58"
12,160,"2023-05-13 15:14:58"
12,161,"2023-05-13 15:14:58"
12,164,"2023-05-13 15:14:58"
12,165,"2023-05-13 15:14:58"
12,166,"2023-05-13 15:14:58"
12,172,"2023-05-13 15:14:58"
12,173,"2023-05-13 15:14:58"
12,174,"2023-05-13 15:14:58"
12,177,"2023-05-13 15:14:58"
12,187,"2023-05-13 15:14:58"
12,192,"2023-05-13 15:14:58"
12,195,"2023-05-13 15:14:58"
